{
    "name": "root",
    "metadata": {
        "timer_format_version": "0.1.0",
        "start_time_seconds": "1713704674",
        "python_version": "3.9.18 (main, Sep 11 2023, 14:09:26) [MSC v.1916 64 bit (AMD64)]",
        "command_line_arguments": "C:\\Users\\Menno\\anaconda3\\envs\\ML\\Scripts\\mlagents-learn config/jumper.yaml --run-id=JumperBase --force",
        "mlagents_version": "0.30.0",
        "mlagents_envs_version": "0.30.0",
        "communication_protocol_version": "1.5.0",
        "pytorch_version": "1.7.1+cu110",
        "numpy_version": "1.21.2",
        "end_time_seconds": "1713704699"
    },
    "total": 25.0171555,
    "count": 1,
    "self": 0.014620399999998313,
    "children": {
        "run_training.setup": {
            "total": 0.11875079999999993,
            "count": 1,
            "self": 0.11875079999999993
        },
        "TrainerController.start_learning": {
            "total": 24.883784300000002,
            "count": 1,
            "self": 0.00369700000002382,
            "children": {
                "TrainerController._reset_env": {
                    "total": 10.6770156,
                    "count": 1,
                    "self": 10.6770156
                },
                "TrainerController.advance": {
                    "total": 14.003239299999981,
                    "count": 117,
                    "self": 0.002979399999993859,
                    "children": {
                        "env_step": {
                            "total": 13.958169299999993,
                            "count": 117,
                            "self": 10.386514699999978,
                            "children": {
                                "SubprocessEnvManager._take_step": {
                                    "total": 3.5694754999999834,
                                    "count": 117,
                                    "self": 0.014677899999981037,
                                    "children": {
                                        "TorchPolicy.evaluate": {
                                            "total": 3.5547976000000023,
                                            "count": 116,
                                            "self": 3.5547976000000023
                                        }
                                    }
                                },
                                "workers": {
                                    "total": 0.0021791000000312977,
                                    "count": 116,
                                    "self": 0.0,
                                    "children": {
                                        "worker_root": {
                                            "total": 9.8152519,
                                            "count": 116,
                                            "is_parallel": true,
                                            "self": 7.736164600000019,
                                            "children": {
                                                "steps_from_proto": {
                                                    "total": 0.0008077000000001888,
                                                    "count": 1,
                                                    "is_parallel": true,
                                                    "self": 0.00020959999999980994,
                                                    "children": {
                                                        "_process_rank_one_or_two_observation": {
                                                            "total": 0.0005981000000003789,
                                                            "count": 2,
                                                            "is_parallel": true,
                                                            "self": 0.0005981000000003789
                                                        }
                                                    }
                                                },
                                                "UnityEnvironment.step": {
                                                    "total": 2.0782795999999806,
                                                    "count": 116,
                                                    "is_parallel": true,
                                                    "self": 0.011938499999979868,
                                                    "children": {
                                                        "UnityEnvironment._generate_step_input": {
                                                            "total": 0.013000599999996254,
                                                            "count": 116,
                                                            "is_parallel": true,
                                                            "self": 0.013000599999996254
                                                        },
                                                        "communicator.exchange": {
                                                            "total": 2.0146072000000004,
                                                            "count": 116,
                                                            "is_parallel": true,
                                                            "self": 2.0146072000000004
                                                        },
                                                        "steps_from_proto": {
                                                            "total": 0.03873330000000408,
                                                            "count": 116,
                                                            "is_parallel": true,
                                                            "self": 0.023066400000001153,
                                                            "children": {
                                                                "_process_rank_one_or_two_observation": {
                                                                    "total": 0.015666900000002926,
                                                                    "count": 232,
                                                                    "is_parallel": true,
                                                                    "self": 0.015666900000002926
                                                                }
                                                            }
                                                        }
                                                    }
                                                }
                                            }
                                        }
                                    }
                                }
                            }
                        },
                        "trainer_advance": {
                            "total": 0.04209059999999454,
                            "count": 116,
                            "self": 0.004722899999990204,
                            "children": {
                                "process_trajectory": {
                                    "total": 0.037367700000004334,
                                    "count": 116,
                                    "self": 0.037367700000004334
                                }
                            }
                        }
                    }
                },
                "trainer_threads": {
                    "total": 8.999999998593466e-07,
                    "count": 1,
                    "self": 8.999999998593466e-07
                },
                "TrainerController._save_models": {
                    "total": 0.19983149999999839,
                    "count": 1,
                    "self": 0.01736349999999831,